{
  "BOE737": {
    "output\\images\\BOE737\\BOE737_0.jpg": {
      "features": [
        {
          "class_id": 4,
          "center": [
            0.508952796459198,
            0.5299853086471558
          ],
          "size": [
            0.9667068123817444,
            0.452039510011673
          ],
          "confidence": 0.8437175154685974
        }
      ]
    }
  },
  "MC720S": {
    "output\\images\\MC720S\\MC720S_0.jpg": {
      "features": [
        {
          "class_id": 2,
          "center": [
            0.4563498795032501,
            0.5716295838356018
          ],
          "size": [
            0.5070182681083679,
            0.37054717540740967
          ],
          "confidence": 0.8935432434082031
        }
      ]
    }
  },
  "MGW018": {
    "output\\images\\MGW018\\MGW018_0.jpg": {
      "features": [
        {
          "class_id": 7,
          "center": [
            0.4922262728214264,
            0.6385852098464966
          ],
          "size": [
            0.6015012860298157,
            0.5110135078430176
          ],
          "confidence": 0.8509301543235779
        }
      ]
    }
  },
  "TSLCBT": {
    "output\\images\\TSLCBT\\TSLCBT_0.jpg": {
      "features": [
        {
          "class_id": 5,
          "center": [
            0.49245816469192505,
            0.5189712047576904
          ],
          "size": [
            0.8141297101974487,
            0.6594494581222534
          ],
          "confidence": 0.6540120244026184
        }
      ]
    }
  },
  "VTL280": {
    "output\\images\\VTL280\\VTL280_0.jpg": {
      "features": [
        {
          "class_id": 4,
          "center": [
            0.48365718126296997,
            0.46622079610824585
          ],
          "size": [
            0.8983278274536133,
            0.8610262870788574
          ],
          "confidence": 0.9319799542427063
        }
      ]
    }
  }
}